module_id,class,file,chars,roles,imported_by_model_modules,dependencies
247,dependency,engine/dependencies/module-247.js,2373,simulator_core,0,2250
401,core,engine/core/module-401.js,596,"simulator_core,simulation_model_base,net_core",0,"2250,2297"
1352,dependency,engine/dependencies/module-1352.js,24831,signal_core,0,
1660,core,engine/core/module-1660.js,954,"simulator_core,simulation_model_base,signal_core,net_core,analog_solver",0,"2250,2297"
2250,core,engine/core/module-2250.js,2126,"simulator_core,scheduler",163,
2292,core,engine/core/module-2292.js,2131,"simulator_core,simulation_model_base,signal_core,net_core,scheduler",0,"2250,2297"
2297,core,engine/core/module-2297.js,18020,signal_core,160,99418
2733,core,engine/core/module-2733.js,1644,"simulator_core,simulation_model_base,signal_core,digital_logic,net_core,analog_solver,scheduler",0,"2250,2297"
2802,dependency,engine/dependencies/module-2802.js,817,,0,
2839,core,engine/core/module-2839.js,13045,"simulator_core,simulation_model_base,signal_core,digital_logic,net_core,analog_solver,scheduler",0,"247,2250,91810"
3179,dependency,engine/dependencies/module-3179.js,1497,simulation_model_base,0,"2250,2297"
4502,core,engine/core/module-4502.js,772,"simulator_core,simulation_model_base,signal_core",0,"2250,2297"
4607,core,engine/core/module-4607.js,4416,signal_core,0,"2297,29721,35450"
4670,dependency,engine/dependencies/module-4670.js,818,,0,2250
5442,dependency,engine/dependencies/module-5442.js,4264,,0,
5500,core,engine/core/module-5500.js,780,analog_solver,0,77078
5737,core,engine/core/module-5737.js,828,"simulator_core,simulation_model_base,signal_core,net_core",0,"2250,2297"
6303,core,engine/core/module-6303.js,588,"simulator_core,simulation_model_base,net_core",0,"2250,2297"
6371,dependency,engine/dependencies/module-6371.js,332,,0,77078
6782,core,engine/core/module-6782.js,4563,"simulator_core,simulation_model_base,signal_core,net_core,analog_solver,scheduler",0,"2250,2297"
7098,core,engine/core/module-7098.js,1623,"simulator_core,simulation_model_base,signal_core,net_core,scheduler",0,"2250,2297"
7255,dependency,engine/dependencies/module-7255.js,886,,0,
7403,core,engine/core/module-7403.js,3595,"simulator_core,simulation_model_base,signal_core,net_core,scheduler",0,"2250,2297,32583"
7545,dependency,engine/dependencies/module-7545.js,3375,,0,2250
7901,core,engine/core/module-7901.js,1002,"simulator_core,simulation_model_base,signal_core",0,"2250,2297"
8148,core,engine/core/module-8148.js,6010,analog_solver,0,"38016,70974,87485,97357"
8338,core,engine/core/module-8338.js,566,"simulator_core,simulation_model_base,net_core",0,"2250,2297"
8491,core,engine/core/module-8491.js,980,"simulator_core,simulation_model_base,signal_core",0,"2250,2297"
8987,dependency,engine/dependencies/module-8987.js,64,,0,"2643,21371,26008,27113,41263,83718"
9058,core,engine/core/module-9058.js,1855,"simulator_core,simulation_model_base,signal_core,net_core,analog_solver",0,"2250,2297"
9092,core,engine/core/module-9092.js,121796,"analog_solver,scheduler",0,80635
9305,dependency,engine/dependencies/module-9305.js,181,,0,"9686,11644,21679,25872,32547,34045,35207,36677,45932,46502,47628,47885,78032,84032,90215,91546,93432,93459,94299"
9482,core,engine/core/module-9482.js,1410,"simulator_core,simulation_model_base,signal_core,net_core,scheduler",0,"2250,2297"
9686,core,engine/core/module-9686.js,1098,"simulator_core,simulation_model_base,signal_core,net_core",0,"2250,2297"
10069,core,engine/core/module-10069.js,1695,"simulator_core,simulation_model_base,signal_core,net_core,analog_solver,scheduler",0,"2250,2297"
10732,core,engine/core/module-10732.js,602,"simulator_core,simulation_model_base,net_core",0,"2250,2297"
11519,dependency,engine/dependencies/module-11519.js,31,,0,44122
11644,dependency,engine/dependencies/module-11644.js,788,simulation_model_base,0,"2250,2297"
12004,core,engine/core/module-12004.js,10523,"simulator_core,signal_core,digital_logic,scheduler",0,2250
12130,core,engine/core/module-12130.js,3287,"simulator_core,simulation_model_base,signal_core,net_core,analog_solver,scheduler",0,"2250,2297,62612"
12363,dependency,engine/dependencies/module-12363.js,39,,0,"51946,52217,56341"
12572,dependency,engine/dependencies/module-12572.js,137,,0,
12798,core,engine/core/module-12798.js,2083,"simulator_core,simulation_model_base,signal_core,net_core",0,"2250,2297"
12931,core,engine/core/module-12931.js,534,"analog_solver,scheduler",0,78913
13123,dependency,engine/dependencies/module-13123.js,38,,0,"8987,48425,80299"
13797,core,engine/core/module-13797.js,1211,"simulator_core,simulation_model_base,net_core,scheduler",0,"2250,2297"
13996,core,engine/core/module-13996.js,2900,"simulator_core,simulation_model_base,signal_core,net_core",0,"2250,2297"
14256,dependency,engine/dependencies/module-14256.js,335,,0,"19207,97353"
14551,core,engine/core/module-14551.js,1003,"simulator_core,simulation_model_base,signal_core",0,"2250,2297"
14803,core,engine/core/module-14803.js,961,"simulator_core,simulation_model_base,signal_core",0,"2250,2297"
15064,core,engine/core/module-15064.js,2024,"simulator_core,simulation_model_base,signal_core,digital_logic,net_core,scheduler",0,"2250,2297"
16110,core,engine/core/module-16110.js,540,"simulator_core,simulation_model_base,net_core,analog_solver",0,"2250,2297"
16603,core,engine/core/module-16603.js,5182,"simulator_core,simulation_model_base,signal_core,net_core,analog_solver,scheduler",0,"2250,2297"
16650,core,engine/core/module-16650.js,430,"simulator_core,scheduler",0,2250
17074,core,engine/core/module-17074.js,1000,"simulation_model_base,net_core",0,"2250,2297"
18186,dependency,engine/dependencies/module-18186.js,2942,,0,
18661,dependency,engine/dependencies/module-18661.js,5075,signal_core,0,
18961,core,engine/core/module-18961.js,1012,"simulation_model_base,net_core",0,"2250,2297"
19021,dependency,engine/dependencies/module-19021.js,3850,,0,
19956,dependency,engine/dependencies/module-19956.js,15733,,0,
20243,core,engine/core/module-20243.js,1549,"simulator_core,simulation_model_base,signal_core,net_core,scheduler",0,"2250,2297"
20341,dependency,engine/dependencies/module-20341.js,39,,0,"20781,33019,42029"
20365,core,engine/core/module-20365.js,1012,"simulation_model_base,net_core",0,"2250,2297"
20553,core,engine/core/module-20553.js,1797,"simulator_core,simulation_model_base,signal_core,net_core,analog_solver,scheduler",0,"2250,2297"
20781,dependency,engine/dependencies/module-20781.js,182,,0,"5500,6371,29855,30258,32493,35386,35905,38784,39674,40092,40465,55757,59970,76991,77078,85557,90110,92362"
21207,core,engine/core/module-21207.js,2845,"simulator_core,simulation_model_base,net_core,scheduler",0,"2250,2297"
21371,core,engine/core/module-21371.js,6218,signal_core,0,2250
21440,dependency,engine/dependencies/module-21440.js,5970,,0,
21529,core,engine/core/module-21529.js,959,"simulator_core,simulation_model_base,signal_core",0,"2250,2297"
21679,core,engine/core/module-21679.js,1772,"simulator_core,simulation_model_base,signal_core,net_core,analog_solver,scheduler",0,"2250,2297"
22179,core,engine/core/module-22179.js,1958,"simulator_core,simulation_model_base,signal_core,net_core,scheduler",0,"2250,2297"
22197,dependency,engine/dependencies/module-22197.js,38,,0,"7545,39002,42204"
22884,core,engine/core/module-22884.js,127366,analog_solver,0,72958
22997,dependency,engine/dependencies/module-22997.js,21,,0,96161
23274,core,engine/core/module-23274.js,1028,"simulator_core,simulation_model_base,signal_core,net_core",0,"2250,2297"
23316,core,engine/core/module-23316.js,2671,"simulator_core,simulation_model_base,signal_core,net_core,analog_solver,scheduler",0,"2250,2297"
24048,core,engine/core/module-24048.js,5020,"signal_core,scheduler",0,
24531,core,engine/core/module-24531.js,586,"simulator_core,simulation_model_base,net_core",0,"2250,2297"
24725,core,engine/core/module-24725.js,4969,signal_core,0,"2297,29721,35450"
24939,core,engine/core/module-24939.js,1572,"simulator_core,simulation_model_base,signal_core,net_core,scheduler",0,"2250,2297"
25416,core,engine/core/module-25416.js,16583,signal_core,0,
25796,dependency,engine/dependencies/module-25796.js,21,,0,89248
25872,dependency,engine/dependencies/module-25872.js,797,simulation_model_base,0,"2250,2297"
26435,core,engine/core/module-26435.js,4820,"simulator_core,simulation_model_base,signal_core,net_core,analog_solver,scheduler",0,"2250,2297"
26461,core,engine/core/module-26461.js,589,"simulator_core,simulation_model_base,net_core",0,"2250,2297"
27051,core,engine/core/module-27051.js,1970,"simulator_core,simulation_model_base,signal_core,net_core,analog_solver",0,"2250,2297"
27251,core,engine/core/module-27251.js,2360,"simulator_core,simulation_model_base,signal_core,net_core,scheduler",0,"2250,2297"
27505,core,engine/core/module-27505.js,2563,"simulator_core,simulation_model_base,signal_core,scheduler",0,"2250,2297"
27688,core,engine/core/module-27688.js,1015,"simulator_core,simulation_model_base,signal_core",0,"2250,2297"
27756,dependency,engine/dependencies/module-27756.js,86,,0,
27884,dependency,engine/dependencies/module-27884.js,55,,0,"7255,25796,38914,87262"
27970,core,engine/core/module-27970.js,981,"simulator_core,simulation_model_base,signal_core",0,"2250,2297"
28034,core,engine/core/module-28034.js,2539,"simulator_core,simulation_model_base,signal_core,net_core,scheduler",0,"2250,2297"
28308,core,engine/core/module-28308.js,2614,"simulator_core,simulation_model_base,signal_core,net_core",0,"2250,2297"
28742,dependency,engine/dependencies/module-28742.js,48,,0,"22997,42827,54318,54500"
29721,dependency,engine/dependencies/module-29721.js,186,,0,
29855,dependency,engine/dependencies/module-29855.js,533,,0,77078
30148,core,engine/core/module-30148.js,2963,"simulator_core,simulation_model_base,signal_core,net_core",0,"2250,2297"
30258,dependency,engine/dependencies/module-30258.js,854,net_core,0,77078
30787,dependency,engine/dependencies/module-30787.js,223,signal_core,0,2250
31250,core,engine/core/module-31250.js,3606,"simulator_core,simulation_model_base,signal_core,net_core,scheduler",0,2250
31332,core,engine/core/module-31332.js,540,"simulator_core,simulation_model_base,net_core,analog_solver",0,"2250,2297"
31784,core,engine/core/module-31784.js,1000,"simulation_model_base,net_core",0,"2250,2297"
32157,core,engine/core/module-32157.js,2026,"simulation_model_base,signal_core,net_core",0,2250
32303,core,engine/core/module-32303.js,11104,"simulator_core,simulation_model_base,signal_core,digital_logic,net_core,scheduler",0,"2250,2297"
32493,dependency,engine/dependencies/module-32493.js,333,,0,77078
32547,core,engine/core/module-32547.js,1100,"simulator_core,simulation_model_base,signal_core,net_core,scheduler",0,"2250,2297"
32583,core,engine/core/module-32583.js,2176,"simulator_core,simulation_model_base,signal_core,digital_logic,net_core,scheduler",3,2250
32986,core,engine/core/module-32986.js,1375,"simulator_core,signal_core,digital_logic,scheduler",0,2250
33019,dependency,engine/dependencies/module-33019.js,48,,0,"22801,54718,67107,74933"
33443,core,engine/core/module-33443.js,935,"simulator_core,simulation_model_base,signal_core,net_core,analog_solver",0,"2250,2297"
33954,core,engine/core/module-33954.js,9917,signal_core,0,
33973,dependency,engine/dependencies/module-33973.js,7656,scheduler,0,2297
34007,dependency,engine/dependencies/module-34007.js,6656,scheduler,0,"22884,65934"
34045,core,engine/core/module-34045.js,1144,"simulator_core,simulation_model_base,signal_core,net_core",0,"2250,2297"
34544,dependency,engine/dependencies/module-34544.js,613,scheduler,0,
34635,core,engine/core/module-34635.js,598,"simulator_core,simulation_model_base,net_core",0,"2250,2297"
34639,core,engine/core/module-34639.js,2085,"simulator_core,simulation_model_base,signal_core,net_core,analog_solver,scheduler",0,"2250,2297"
35207,core,engine/core/module-35207.js,1571,"simulator_core,simulation_model_base,signal_core,net_core",0,"2250,2297"
35386,core,engine/core/module-35386.js,786,analog_solver,0,77078
35450,dependency,engine/dependencies/module-35450.js,58,,0,"58602,74149,98166"
35905,dependency,engine/dependencies/module-35905.js,828,,0,77078
35938,dependency,engine/dependencies/module-35938.js,13865,signal_core,0,35450
35963,core,engine/core/module-35963.js,2558,"simulator_core,simulation_model_base,signal_core,net_core",0,"2250,2297"
35983,core,engine/core/module-35983.js,6054,"simulator_core,simulation_model_base,signal_core,digital_logic,net_core,scheduler",0,2250
36184,dependency,engine/dependencies/module-36184.js,2608,,0,82663
36207,dependency,engine/dependencies/module-36207.js,47,,0,"4670,16650,30787,82727"
36218,core,engine/core/module-36218.js,2010,"simulator_core,simulation_model_base,signal_core,digital_logic,net_core,scheduler",0,"2250,2297"
36316,core,engine/core/module-36316.js,1326,"simulator_core,simulation_model_base,signal_core,net_core,scheduler",0,"2250,2297"
36524,core,engine/core/module-36524.js,598,"simulator_core,simulation_model_base,net_core",0,"2250,2297"
36677,core,engine/core/module-36677.js,877,"simulator_core,simulation_model_base,signal_core,net_core",0,"2250,2297"
37663,core,engine/core/module-37663.js,6274,"signal_core,scheduler",0,2250
37833,core,engine/core/module-37833.js,3118,"simulator_core,simulation_model_base,signal_core,net_core,scheduler",0,"2250,2297"
38016,dependency,engine/dependencies/module-38016.js,1035,analog_solver,0,"36184,64215,82663"
38784,core,engine/core/module-38784.js,704,"simulator_core,scheduler",0,77078
38914,dependency,engine/dependencies/module-38914.js,15805,,0,
39002,dependency,engine/dependencies/module-39002.js,1206,,0,2250
39440,core,engine/core/module-39440.js,981,"simulator_core,simulation_model_base,signal_core",0,"2250,2297"
39674,dependency,engine/dependencies/module-39674.js,463,,0,77078
40076,dependency,engine/dependencies/module-40076.js,360,,0,
40092,dependency,engine/dependencies/module-40092.js,463,,0,77078
40360,core,engine/core/module-40360.js,2304,"simulator_core,simulation_model_base,signal_core,net_core",0,"2250,2297"
40465,dependency,engine/dependencies/module-40465.js,421,,0,77078
40560,dependency,engine/dependencies/module-40560.js,610,,0,
41354,dependency,engine/dependencies/module-41354.js,7514,scheduler,0,2297
41543,dependency,engine/dependencies/module-41543.js,832,,0,"2297,29721"
41699,core,engine/core/module-41699.js,1012,"simulation_model_base,net_core",0,"2250,2297"
42029,dependency,engine/dependencies/module-42029.js,65,,0,"1526,25199,27161,29056,44535,69232"
42204,dependency,engine/dependencies/module-42204.js,1000,,0,2250
42213,dependency,engine/dependencies/module-42213.js,1079,,0,"1660,2292,2733,3179,5737,6782,7098,7403,7901,8338,8491,9058,9482,10069,12130,12798,13996,14551,14803,15064,16110,16603,17074,18961,20243,20365,21207,21529,22179,23274,23316,24531,24939,26435,27051,27248,27251,27688,27970,28034,28308,30148,31250,31332,31784,32303,33443,34639,35963,35983,37833,39440,40360,41699,42520,43050,43434,43877,44504,45266,45616,46173,49834,50330,50438,52526,53181,55860,56486,57486,57962,58745,58766,59214,59575,59844,59866,60331,60952,61384,62303,62891,63372,63909,64570,66667,68418,68610,70394,70508,70985,72563,72622,72885,73248,73430,73776,73964,75903,76995,77617,78116,81629,82366,83883,84263,85044,85658,86523,87092,87222,89988,91271,92285,94047,96232,97228,97929,98989,99737"
42417,dependency,engine/dependencies/module-42417.js,93,,0,"19956,27884,28742,35450,44643,49955,69784,80444,94302"
42520,core,engine/core/module-42520.js,525,"simulator_core,simulation_model_base,net_core,analog_solver",0,"2250,2297"
42827,dependency,engine/dependencies/module-42827.js,226,,0,"5154,7225,11771,13864,14382,18460,22575,27695,33025,38913,51330,57141,58613,59280,60901,61923,64935,69295,70636,73930,77300,81866,83366,85744"
43050,core,engine/core/module-43050.js,2653,"simulator_core,simulation_model_base,signal_core,net_core,analog_solver",0,"2250,2297"
43434,core,engine/core/module-43434.js,1695,"simulator_core,simulation_model_base,signal_core",0,"2250,2297"
43877,core,engine/core/module-43877.js,2083,"simulator_core,simulation_model_base,net_core,scheduler",0,"2250,2297"
43990,dependency,engine/dependencies/module-43990.js,956,,0,"18572,30863,46492,52052,71809"
44122,dependency,engine/dependencies/module-44122.js,5080,,0,"12572,14256,56379,57266,67766,90407"
44504,core,engine/core/module-44504.js,4000,"simulator_core,simulation_model_base,signal_core,digital_logic,net_core,scheduler",0,"2250,2297,32583"
44643,dependency,engine/dependencies/module-44643.js,48,,0,"12363,43990,82394,89689"
45266,core,engine/core/module-45266.js,1237,"simulator_core,simulation_model_base,signal_core,digital_logic",0,"2250,2297"
45616,core,engine/core/module-45616.js,1657,"simulator_core,simulation_model_base,signal_core,net_core,scheduler",0,"2250,2297"
45932,core,engine/core/module-45932.js,771,"simulator_core,simulation_model_base,net_core",0,"2250,2297"
46173,core,engine/core/module-46173.js,2091,"simulator_core,simulation_model_base,net_core,scheduler",0,"2250,2297"
46320,core,engine/core/module-46320.js,1702,"simulator_core,simulation_model_base,signal_core,net_core",0,"2250,2297"
46502,core,engine/core/module-46502.js,1506,"simulator_core,simulation_model_base,signal_core,net_core",0,"2250,2297"
47628,core,engine/core/module-47628.js,2725,"simulator_core,simulation_model_base,signal_core,net_core,scheduler",0,"2250,2297"
47885,core,engine/core/module-47885.js,1939,"simulator_core,simulation_model_base,signal_core,net_core,scheduler",0,"2250,2297"
48425,core,engine/core/module-48425.js,7138,"simulator_core,simulation_model_base,signal_core,net_core,analog_solver,scheduler",0,2250
48439,core,engine/core/module-48439.js,2608,"simulator_core,simulation_model_base,signal_core,net_core,analog_solver,scheduler",0,"2250,2297"
48920,dependency,engine/dependencies/module-48920.js,1761,,0,
49109,core,engine/core/module-49109.js,1574,"simulator_core,simulation_model_base,signal_core,net_core,analog_solver",0,"2250,2297"
49834,core,engine/core/module-49834.js,993,"simulator_core,simulation_model_base,signal_core",0,"2250,2297"
49955,dependency,engine/dependencies/module-49955.js,2669,,0,
50330,core,engine/core/module-50330.js,2109,"simulator_core,simulation_model_base,signal_core,net_core,analog_solver,scheduler",0,"2250,2297"
50438,core,engine/core/module-50438.js,536,"simulator_core,simulation_model_base",0,"2250,2297"
50618,core,engine/core/module-50618.js,660,"simulator_core,simulation_model_base,net_core",0,"2250,2297"
50830,dependency,engine/dependencies/module-50830.js,30,,1,8148
50918,core,engine/core/module-50918.js,10693,"signal_core,scheduler",0,
51335,dependency,engine/dependencies/module-51335.js,4892,signal_core,0,"2297,29721"
51830,core,engine/core/module-51830.js,14751,scheduler,0,35450
52523,dependency,engine/dependencies/module-52523.js,32934,signal_core,0,
52526,dependency,engine/dependencies/module-52526.js,668,simulation_model_base,0,"2250,2297"
53181,core,engine/core/module-53181.js,591,"simulator_core,simulation_model_base,net_core",0,"2250,2297"
53417,core,engine/core/module-53417.js,2711,"simulator_core,simulation_model_base,signal_core,digital_logic,net_core,scheduler",0,"2250,2297"
54140,dependency,engine/dependencies/module-54140.js,93,,0,"18186,21440,34544,40560,48920,56566,61456"
54318,dependency,engine/dependencies/module-54318.js,57,,0,"27261,43637,46807,70486,71444"
54500,dependency,engine/dependencies/module-54500.js,21,,0,69776
54718,core,engine/core/module-54718.js,19311,"simulator_core,signal_core,digital_logic,net_core,analog_solver,scheduler",0,"2250,20781"
55267,core,engine/core/module-55267.js,14107,signal_core,0,35450
55757,core,engine/core/module-55757.js,788,analog_solver,0,77078
55860,core,engine/core/module-55860.js,1611,"simulator_core,simulation_model_base,signal_core,net_core,scheduler",0,"2250,2297"
56379,dependency,engine/dependencies/module-56379.js,68952,,0,73731
56486,core,engine/core/module-56486.js,2037,"simulator_core,simulation_model_base,net_core,scheduler",0,"2250,2297"
56566,dependency,engine/dependencies/module-56566.js,1387,,0,
56976,core,engine/core/module-56976.js,3680,"signal_core,scheduler",0,
57266,dependency,engine/dependencies/module-57266.js,301,,0,
57486,core,engine/core/module-57486.js,1757,"simulator_core,simulation_model_base,signal_core,net_core,scheduler",0,"2250,2297"
57549,core,engine/core/module-57549.js,1734,"simulator_core,simulation_model_base,signal_core,net_core,scheduler",0,"2250,2297"
57962,core,engine/core/module-57962.js,1012,"simulation_model_base,net_core",0,"2250,2297"
58110,dependency,engine/dependencies/module-58110.js,84,,0,"20553,27505,48439,49109,53417,76617,79446,83827"
58602,dependency,engine/dependencies/module-58602.js,1015,,0,54140
58745,core,engine/core/module-58745.js,2509,"simulator_core,simulation_model_base,signal_core,net_core,analog_solver",0,"2250,2297"
58766,core,engine/core/module-58766.js,4888,"simulator_core,simulation_model_base,signal_core,net_core,scheduler",0,"2250,2297"
59214,core,engine/core/module-59214.js,12812,"simulator_core,simulation_model_base,signal_core,analog_solver,scheduler",0,"2250,2297,50830,91810"
59280,core,engine/core/module-59280.js,24406,"signal_core,scheduler",0,"2297,2802,29721,35450"
59427,core,engine/core/module-59427.js,1406,"simulator_core,simulation_model_base,signal_core,net_core,scheduler",0,"2250,2297"
59575,core,engine/core/module-59575.js,2568,"simulator_core,simulation_model_base,signal_core,net_core,analog_solver",0,"2250,2297"
59844,core,engine/core/module-59844.js,1481,"simulator_core,simulation_model_base,signal_core,net_core",0,"2250,2297"
59866,core,engine/core/module-59866.js,981,"simulator_core,simulation_model_base,signal_core",0,"2250,2297"
59970,core,engine/core/module-59970.js,1306,"net_core,analog_solver",0,77078
60044,dependency,engine/dependencies/module-60044.js,138801,analog_solver,0,"5442,42417,79541,94302"
60331,core,engine/core/module-60331.js,1012,"simulation_model_base,net_core",0,"2250,2297"
60901,core,engine/core/module-60901.js,11053,signal_core,0,
60952,core,engine/core/module-60952.js,2776,"simulator_core,simulation_model_base,signal_core,net_core",0,"2250,2297"
61384,core,engine/core/module-61384.js,4897,"simulator_core,simulation_model_base,signal_core,net_core,scheduler",0,"2250,2297"
61456,dependency,engine/dependencies/module-61456.js,1993,,0,
61669,core,engine/core/module-61669.js,1641,"simulator_core,simulation_model_base,net_core,analog_solver,scheduler",0,"2250,2297"
62119,core,engine/core/module-62119.js,599,"simulator_core,simulation_model_base,net_core",0,"2250,2297"
62303,core,engine/core/module-62303.js,1015,"simulator_core,simulation_model_base,signal_core",0,"2250,2297"
62448,core,engine/core/module-62448.js,38469,signal_core,0,"5442,54140"
62612,core,engine/core/module-62612.js,3967,"simulator_core,signal_core,digital_logic,scheduler",2,2250
62737,core,engine/core/module-62737.js,598,"simulator_core,simulation_model_base,net_core",0,"2250,2297"
62891,core,engine/core/module-62891.js,5588,"simulator_core,simulation_model_base,signal_core,net_core,scheduler",0,"2250,2297"
63909,core,engine/core/module-63909.js,2441,"simulator_core,simulation_model_base,signal_core,digital_logic,net_core,scheduler",0,"2250,2297"
64215,dependency,engine/dependencies/module-64215.js,1248,,0,82663
65934,core,engine/core/module-65934.js,41238,"signal_core,scheduler",0,
66667,core,engine/core/module-66667.js,5043,"simulator_core,simulation_model_base,signal_core,net_core,analog_solver,scheduler",0,"2250,2297"
66811,core,engine/core/module-66811.js,1558,"simulator_core,simulation_model_base,signal_core,net_core",0,"2250,2297"
67766,dependency,engine/dependencies/module-67766.js,2525,,0,
68418,core,engine/core/module-68418.js,544,"simulator_core,simulation_model_base,net_core,analog_solver",0,"2250,2297"
68610,core,engine/core/module-68610.js,547,"simulator_core,simulation_model_base,net_core",0,"2250,2297"
69776,dependency,engine/dependencies/module-69776.js,10680,analog_solver,0,"35450,54140"
69784,core,engine/core/module-69784.js,87587,analog_solver,0,
70394,core,engine/core/module-70394.js,1177,"simulator_core,simulation_model_base,net_core,analog_solver,scheduler",0,"2250,2297"
70508,core,engine/core/module-70508.js,1000,"simulation_model_base,net_core",0,"2250,2297"
70833,core,engine/core/module-70833.js,1636,signal_core,0,"2297,29721,35450"
70960,dependency,engine/dependencies/module-70960.js,11017,signal_core,0,
70974,core,engine/core/module-70974.js,5175,analog_solver,0,"36184,64215"
70985,core,engine/core/module-70985.js,3589,"simulator_core,simulation_model_base,signal_core",0,"2250,2297"
72563,core,engine/core/module-72563.js,534,"simulator_core,simulation_model_base,net_core,analog_solver",0,"2250,2297"
72622,core,engine/core/module-72622.js,984,"simulator_core,simulation_model_base,net_core",0,"2250,2297"
72885,core,engine/core/module-72885.js,535,"simulator_core,simulation_model_base,net_core",0,"2250,2297"
72948,core,engine/core/module-72948.js,4412,signal_core,0,
72958,core,engine/core/module-72958.js,27598,analog_solver,0,97675
73248,core,engine/core/module-73248.js,1003,"simulator_core,simulation_model_base,signal_core",0,"2250,2297"
73430,core,engine/core/module-73430.js,2640,"simulator_core,simulation_model_base,signal_core,net_core,scheduler",0,"2250,2297"
73776,core,engine/core/module-73776.js,1679,"simulator_core,simulation_model_base,signal_core,net_core,scheduler",0,"2250,2297"
73964,core,engine/core/module-73964.js,1012,"simulation_model_base,net_core",0,"2250,2297"
74149,dependency,engine/dependencies/module-74149.js,4521,,0,54140
75903,core,engine/core/module-75903.js,1174,"simulator_core,simulation_model_base,signal_core",0,"2250,2297"
76617,core,engine/core/module-76617.js,1437,"simulator_core,simulation_model_base,net_core,scheduler",0,"2250,2297"
76991,core,engine/core/module-76991.js,939,analog_solver,0,77078
76995,dependency,engine/dependencies/module-76995.js,1473,simulation_model_base,0,"2250,2297"
77003,core,engine/core/module-77003.js,8591,analog_solver,0,11519
77078,core,engine/core/module-77078.js,7331,"simulator_core,analog_solver",0,
77587,dependency,engine/dependencies/module-77587.js,1242,signal_core,0,"2297,29721"
77617,core,engine/core/module-77617.js,1104,"simulator_core,simulation_model_base,signal_core,net_core",0,"2250,2297"
78032,core,engine/core/module-78032.js,1688,"simulator_core,simulation_model_base,signal_core,net_core",0,"2250,2297"
78116,core,engine/core/module-78116.js,2045,"simulator_core,simulation_model_base,signal_core,net_core,analog_solver,scheduler",0,"2250,32583,62612"
78637,core,engine/core/module-78637.js,1297,"simulator_core,simulation_model_base,signal_core,net_core,scheduler",0,"2250,2297"
78913,dependency,engine/dependencies/module-78913.js,285,analog_solver,0,80635
79446,core,engine/core/module-79446.js,1774,"simulator_core,simulation_model_base,signal_core,net_core",0,"2250,2297"
79541,dependency,engine/dependencies/module-79541.js,13137,,0,
79828,core,engine/core/module-79828.js,659,"simulator_core,simulation_model_base,net_core",0,"2250,2297"
80299,dependency,engine/dependencies/module-80299.js,209,,0,"2438,12953,16192,21385,25049,32526,33072,37663,42889,43285,44774,48921,54825,58036,60061,60269,70876,76830,80307,87508,93030,94283"
80444,dependency,engine/dependencies/module-80444.js,102,,0,"2250,13123,20341,22197,32157,36207,81084,84563,96886"
80635,core,engine/core/module-80635.js,6260,"analog_solver,scheduler",0,27756
80722,core,engine/core/module-80722.js,1855,"simulator_core,simulation_model_base,signal_core,net_core,analog_solver,scheduler",0,"2250,2297"
81084,core,engine/core/module-81084.js,3240,"simulator_core,signal_core",0,"2250,20781"
81629,core,engine/core/module-81629.js,5321,"simulator_core,simulation_model_base,signal_core,net_core,scheduler",0,"2250,2297"
81866,dependency,engine/dependencies/module-81866.js,2887,signal_core,0,"2297,29721,35450"
82366,core,engine/core/module-82366.js,1198,"simulator_core,simulation_model_base,signal_core",0,"2250,2297"
82394,dependency,engine/dependencies/module-82394.js,30,,0,"77167,80962"
82663,dependency,engine/dependencies/module-82663.js,1685,,0,
82727,core,engine/core/module-82727.js,3738,"simulator_core,signal_core,digital_logic,scheduler",0,2250
83827,core,engine/core/module-83827.js,3940,"simulator_core,simulation_model_base,signal_core,net_core,scheduler",0,"2250,2297"
83883,core,engine/core/module-83883.js,1527,"simulator_core,simulation_model_base,signal_core,net_core",0,"2250,2297"
84030,core,engine/core/module-84030.js,9733,"signal_core,scheduler",0,
84032,core,engine/core/module-84032.js,2297,"simulator_core,simulation_model_base,signal_core,net_core,analog_solver,scheduler",0,"2250,2297"
84263,dependency,engine/dependencies/module-84263.js,800,simulation_model_base,0,"2250,2297"
84563,dependency,engine/dependencies/module-84563.js,64,,0,"4502,9305,42213,58110,92060,99602"
84636,core,engine/core/module-84636.js,464641,analog_solver,0,19021
84820,core,engine/core/module-84820.js,2149,"simulator_core,simulation_model_base,signal_core,net_core,analog_solver,scheduler",0,"2250,2297"
85044,core,engine/core/module-85044.js,9420,"simulator_core,simulation_model_base,signal_core,net_core,analog_solver,scheduler",0,"2250,2297"
85185,dependency,engine/dependencies/module-85185.js,2885,signal_core,0,"2297,29721"
85557,core,engine/core/module-85557.js,623,analog_solver,0,77078
85658,core,engine/core/module-85658.js,1163,"simulator_core,simulation_model_base,signal_core,digital_logic",0,"2250,2297"
85782,core,engine/core/module-85782.js,2868,"simulator_core,signal_core,digital_logic,scheduler",0,2250
86523,core,engine/core/module-86523.js,535,"simulator_core,simulation_model_base,net_core",0,"2250,2297"
87092,core,engine/core/module-87092.js,550,"simulator_core,simulation_model_base,net_core",0,"2250,2297"
87222,core,engine/core/module-87222.js,902,"simulation_model_base,net_core",0,"2250,2297"
87262,dependency,engine/dependencies/module-87262.js,6082,,0,
87485,dependency,engine/dependencies/module-87485.js,1019,analog_solver,0,"36184,82663"
88706,core,engine/core/module-88706.js,13065,"signal_core,scheduler",0,
89689,dependency,engine/dependencies/module-89689.js,47,,0,"7468,55252,91515,98524"
89988,core,engine/core/module-89988.js,982,"simulator_core,simulation_model_base,signal_core",0,"2250,2297"
90110,dependency,engine/dependencies/module-90110.js,816,,0,77078
90215,core,engine/core/module-90215.js,3015,"simulator_core,simulation_model_base,signal_core,net_core,scheduler",0,2250
90407,dependency,engine/dependencies/module-90407.js,1063,,0,"64280,74940"
90477,core,engine/core/module-90477.js,4861,"signal_core,scheduler",0,
91271,core,engine/core/module-91271.js,716,"simulator_core,simulation_model_base,signal_core,net_core",0,"2250,2297"
91515,core,engine/core/module-91515.js,9499,"signal_core,analog_solver",0,
91546,core,engine/core/module-91546.js,1457,"simulator_core,simulation_model_base,signal_core,net_core,analog_solver,scheduler",0,"2250,2297"
91810,dependency,engine/dependencies/module-91810.js,2889,analog_solver,1,"9092,12931,34007"
91881,core,engine/core/module-91881.js,7857,"signal_core,scheduler",0,
92060,dependency,engine/dependencies/module-92060.js,225,,0,"401,6303,10732,13797,26461,34635,36218,36316,36524,46320,50618,57549,59427,61669,62119,62737,66811,78637,79828,80722,84820,92717,95500,97250"
92254,core,engine/core/module-92254.js,17352,signal_core,0,"5442,80444"
92285,core,engine/core/module-92285.js,1287,"simulator_core,simulation_model_base,signal_core,digital_logic",0,"2250,2297"
92362,dependency,engine/dependencies/module-92362.js,1460,,0,77078
92717,core,engine/core/module-92717.js,1316,"simulator_core,simulation_model_base,signal_core,net_core,scheduler",0,"2250,2297"
93030,core,engine/core/module-93030.js,2654,"simulator_core,signal_core,digital_logic,scheduler",0,2250
93432,dependency,engine/dependencies/module-93432.js,800,simulation_model_base,0,"2250,2297"
93459,core,engine/core/module-93459.js,1734,"simulator_core,simulation_model_base,signal_core,net_core,analog_solver",0,"2250,2297"
94047,core,engine/core/module-94047.js,2000,"simulator_core,simulation_model_base,net_core,scheduler",0,"2250,2297"
94299,core,engine/core/module-94299.js,1933,"simulator_core,simulation_model_base,signal_core,net_core,scheduler",0,"2250,2297"
94302,dependency,engine/dependencies/module-94302.js,127,,0,"2297,2802,29721,33973,40076,41354,41543,51830,54140,84030,99418"
95500,core,engine/core/module-95500.js,1321,"simulator_core,simulation_model_base,signal_core,net_core,scheduler",0,"2250,2297"
96232,core,engine/core/module-96232.js,1331,"simulator_core,simulation_model_base,signal_core,digital_logic",0,"2250,2297"
96886,dependency,engine/dependencies/module-96886.js,29,,0,"2839,91810"
97228,core,engine/core/module-97228.js,1032,"simulation_model_base,net_core",0,"2250,2297"
97250,core,engine/core/module-97250.js,1475,"simulator_core,simulation_model_base,signal_core,net_core,scheduler",0,"2250,2297"
97329,dependency,engine/dependencies/module-97329.js,2744,signal_core,0,54140
97357,dependency,engine/dependencies/module-97357.js,1534,analog_solver,0,"36184,64215"
97675,core,engine/core/module-97675.js,13768,"analog_solver,scheduler",0,
97929,core,engine/core/module-97929.js,1411,"simulator_core,simulation_model_base,signal_core,digital_logic",0,"2250,2297"
98016,core,engine/core/module-98016.js,2836,"simulator_core,signal_core,digital_logic,scheduler",0,2250
98166,core,engine/core/module-98166.js,27082,analog_solver,0,
98989,core,engine/core/module-98989.js,3746,"simulator_core,simulation_model_base,signal_core",0,"2250,2297"
99418,dependency,engine/dependencies/module-99418.js,1974,,0,
99602,dependency,engine/dependencies/module-99602.js,93,,0,"10771,12004,28434,32986,39504,70780,85782,98016,99757"
99737,core,engine/core/module-99737.js,927,"simulator_core,simulation_model_base,signal_core,net_core,analog_solver",0,"2250,2297"
