simulation_model,module_id,file,chars,features,dependencies
74HC00,59866,models/74HC00--module-59866.js,981,,"2250,2297"
74HC02,39440,models/74HC02--module-39440.js,981,,"2250,2297"
74HC04,21529,models/74HC04--module-21529.js,959,,"2250,2297"
74HC08,27970,models/74HC08--module-27970.js,981,,"2250,2297"
74HC10,14551,models/74HC10--module-14551.js,1003,,"2250,2297"
74HC11,73248,models/74HC11--module-73248.js,1003,,"2250,2297"
74HC132,49834,models/74HC132--module-49834.js,993,,"2250,2297"
74HC14,14803,models/74HC14--module-14803.js,961,,"2250,2297"
74HC20,27688,models/74HC20--module-27688.js,1015,,"2250,2297"
74HC21,62303,models/74HC21--module-62303.js,1015,,"2250,2297"
74HC27,7901,models/74HC27--module-7901.js,1002,,"2250,2297"
74HC283,75903,models/74HC283--module-75903.js,1174,,"2250,2297"
74HC32,8491,models/74HC32--module-8491.js,980,,"2250,2297"
74HC4017,85658,models/74HC4017--module-85658.js,1163,digital_edges,"2250,2297"
74HC595,97929,models/74HC595--module-97929.js,1411,digital_edges,"2250,2297"
74HC73,96232,models/74HC73--module-96232.js,1331,digital_edges,"2250,2297"
74HC74,92285,models/74HC74--module-92285.js,1287,digital_edges,"2250,2297"
74HC75,82366,models/74HC75--module-82366.js,1198,,"2250,2297"
74HC86,89988,models/74HC86--module-89988.js,982,,"2250,2297"
74HC93,45266,models/74HC93--module-45266.js,1237,digital_edges,"2250,2297"
AABattery,9058,models/AABattery--module-9058.js,1855,"signals,nets,properties","2250,2297"
AABattery2,31332,models/AABattery2--module-31332.js,540,nets,"2250,2297"
AABattery3,68418,models/AABattery3--module-68418.js,544,nets,"2250,2297"
AABattery4,16110,models/AABattery4--module-16110.js,540,nets,"2250,2297"
arduinoMicro,98989,models/arduinoMicro--module-98989.js,3746,,"2250,2297"
arduinoUno,70985,models/arduinoUno--module-70985.js,3589,,"2250,2297"
arduinoUnoRev3,62891,models/arduinoUnoRev3--module-62891.js,5588,"nets,scheduler,measurements,ui_bridge","2250,2297"
ATtiny,56486,models/ATtiny--module-56486.js,2037,"scheduler,measurements,ui_bridge","2250,2297"
battery9V,72563,models/battery9V--module-72563.js,534,nets,"2250,2297"
batteryLemon,99737,models/batteryLemon--module-99737.js,927,"signals,nets,properties","2250,2297"
batteryPotato,33443,models/batteryPotato--module-33443.js,935,"signals,nets,properties","2250,2297"
button,77617,models/button--module-77617.js,1104,"signals,nets","2250,2297"
capacitor,5737,models/capacitor--module-5737.js,828,"signals,nets,properties","2250,2297"
capacitor_100n,79828,models/capacitor_100n--module-79828.js,659,nets,"2250,2297"
capacitor_100p,50618,models/capacitor_100p--module-50618.js,660,nets,"2250,2297"
capacitor_100u,13797,models/capacitor_100u--module-13797.js,1211,"nets,scheduler,measurements,ui_bridge","2250,2297"
capacitor_polarized,20243,models/capacitor_polarized--module-20243.js,1549,"signals,nets,properties,scheduler,measurements,ui_bridge","2250,2297"
CD4511,43434,models/CD4511--module-43434.js,1695,,"2250,2297"
circuitScribe_and,93432,models/circuitScribe_and--module-93432.js,800,,"2250,2297"
circuitScribe_battery9v,21679,models/circuitScribe_battery9v--module-21679.js,1772,"signals,nets,scheduler,measurements,ui_bridge","2250,2297"
circuitScribe_blinker,47628,models/circuitScribe_blinker--module-47628.js,2725,"signals,nets,scheduler,measurements,ui_bridge","2250,2297"
circuitScribe_buzzer,32547,models/circuitScribe_buzzer--module-32547.js,1100,"nets,scheduler,measurements,ui_bridge","2250,2297"
circuitScribe_capacitor,36677,models/circuitScribe_capacitor--module-36677.js,877,"signals,nets,properties","2250,2297"
circuitScribe_DCmotor,84032,models/circuitScribe_DCmotor--module-84032.js,2297,"signals,nets,properties,scheduler,measurements,ui_bridge","2250,2297"
circuitScribe_doubleSwitch,46502,models/circuitScribe_doubleSwitch--module-46502.js,1506,"signals,nets","2250,2297"
circuitScribe_LDR,35207,models/circuitScribe_LDR--module-35207.js,1571,"signals,nets","2250,2297"
circuitScribe_NPN,45932,models/circuitScribe_NPN--module-45932.js,771,nets,"2250,2297"
circuitScribe_or,11644,models/circuitScribe_or--module-11644.js,788,,"2250,2297"
circuitScribe_photosensor,93459,models/circuitScribe_photosensor--module-93459.js,1734,"signals,nets","2250,2297"
circuitScribe_potentiometer,78032,models/circuitScribe_potentiometer--module-78032.js,1688,"signals,nets","2250,2297"
circuitScribe_resistor,9686,models/circuitScribe_resistor--module-9686.js,1098,"signals,nets,properties","2250,2297"
circuitScribe_RGBLED,47885,models/circuitScribe_RGBLED--module-47885.js,1939,"nets,scheduler,measurements,ui_bridge","2250,2297"
circuitScribe_switch,34045,models/circuitScribe_switch--module-34045.js,1144,"signals,nets","2250,2297"
circuitScribe_USBpower,91546,models/circuitScribe_USBpower--module-91546.js,1457,"nets,scheduler,measurements,ui_bridge","2250,2297"
circuitScribe_xor,25872,models/circuitScribe_xor--module-25872.js,797,,"2250,2297"
coinCell,42520,models/coinCell--module-42520.js,525,nets,"2250,2297"
dc_motor,23316,models/dc_motor--module-23316.js,2671,"signals,nets,properties,scheduler,measurements,ui_bridge","2250,2297"
dc_motor_arduino,80722,models/dc_motor_arduino--module-80722.js,1855,"nets,scheduler,measurements,ui_bridge","2250,2297"
dc_motor_dfrobot,20553,models/dc_motor_dfrobot--module-20553.js,1797,"nets,scheduler,measurements,ui_bridge","2250,2297"
dc_motor_encoder,6782,models/dc_motor_encoder--module-6782.js,4563,"signals,nets,properties,scheduler,measurements,ui_bridge","2250,2297"
dc_motor_encoder_large,76995,models/dc_motor_encoder_large--module-76995.js,1473,,"2250,2297"
dc_motor_encoder_small,3179,models/dc_motor_encoder_small--module-3179.js,1497,,"2250,2297"
dc_motor_hobby_gear,10069,models/dc_motor_hobby_gear--module-10069.js,1695,"signals,nets,scheduler,measurements,ui_bridge","2250,2297"
dc_motor_v2,23316,models/dc_motor_v2--module-23316.js,2671,"signals,nets,properties,scheduler,measurements,ui_bridge","2250,2297"
Default,4502,models/Default--module-4502.js,772,,"2250,2297"
diode,8338,models/diode--module-8338.js,566,"nets,properties","2250,2297"
dip_switch_4,64570,models/dip_switch_4--module-64570.js,1543,,2250
dip_switch_6,27248,models/dip_switch_6--module-27248.js,1543,,2250
dip_switch_spdt,83883,models/dip_switch_spdt--module-83883.js,1527,"signals,nets,properties","2250,2297"
ESP8266_01,32303,models/ESP8266_01--module-32303.js,11104,"digital_edges,signals,nets,scheduler,measurements,ui_bridge","2250,2297"
function_generator,85044,models/function_generator--module-85044.js,9420,"signals,nets,properties,scheduler","2250,2297"
inductor,91271,models/inductor--module-91271.js,716,"signals,nets,properties","2250,2297"
IRremote,27505,models/IRremote--module-27505.js,2563,"signals,scheduler","2250,2297"
IRsensor,76617,models/IRsensor--module-76617.js,1437,"nets,scheduler,measurements,ui_bridge","2250,2297"
keypad_4x4,58745,models/keypad_4x4--module-58745.js,2509,"signals,nets","2250,2297"
kittyEar,59575,models/kittyEar--module-59575.js,2568,"signals,nets,properties","2250,2297"
LCD_HD44780,12130,models/LCD_HD44780--module-12130.js,3287,"signals,nets,scheduler,measurements,ui_bridge","2250,2297,62612"
LCD_HD44780_I2C,78116,models/LCD_HD44780_I2C--module-78116.js,2045,"signals,nets,properties,scheduler,measurements,ui_bridge","2250,32583,62612"
ldr,35963,models/ldr--module-35963.js,2558,"signals,nets","2250,2297"
ldr_v2,35963,models/ldr_v2--module-35963.js,2558,"signals,nets","2250,2297"
led,55860,models/led--module-55860.js,1611,"nets,properties,scheduler,measurements,ui_bridge","2250,2297"
led2,2292,models/led2--module-2292.js,2131,"signals,nets,properties,scheduler,measurements,ui_bridge","2250,2297"
led_blue,95500,models/led_blue--module-95500.js,1321,"nets,scheduler,measurements,ui_bridge","2250,2297"
led_green,92717,models/led_green--module-92717.js,1316,"nets,scheduler,measurements,ui_bridge","2250,2297"
led_red,78637,models/led_red--module-78637.js,1297,"nets,scheduler,measurements,ui_bridge","2250,2297"
led_white,59427,models/led_white--module-59427.js,1406,"nets,scheduler,measurements,ui_bridge","2250,2297"
led_yellow,36316,models/led_yellow--module-36316.js,1326,"nets,scheduler,measurements,ui_bridge","2250,2297"
ledRGB,37833,models/ledRGB--module-37833.js,3118,"signals,nets,properties,scheduler,measurements,ui_bridge","2250,2297"
ledRGB2,57549,models/ledRGB2--module-57549.js,1734,"nets,scheduler,measurements,ui_bridge","2250,2297"
lightBulb,9482,models/lightBulb--module-9482.js,1410,"nets,scheduler,measurements,ui_bridge","2250,2297"
lm339,46173,models/lm339--module-46173.js,2091,"signals,nets,scheduler,measurements,ui_bridge","2250,2297"
LM35,48439,models/LM35--module-48439.js,2608,"signals,nets,scheduler,measurements,ui_bridge","2250,2297"
lm393,43877,models/lm393--module-43877.js,2083,"signals,nets,scheduler,measurements,ui_bridge","2250,2297"
microbit,59214,models/microbit--module-59214.js,12812,"properties,scheduler,ui_bridge","2250,2297,50830,91810"
multimeter,16603,models/multimeter--module-16603.js,5182,"signals,nets,properties,scheduler,measurements,analog,ui_bridge","2250,2297"
multimeter_v2,16603,models/multimeter_v2--module-16603.js,5182,"signals,nets,properties,scheduler,measurements,analog,ui_bridge","2250,2297"
nmos,68610,models/nmos--module-68610.js,547,nets,"2250,2297"
nmos_irf520,10732,models/nmos_irf520--module-10732.js,602,nets,"2250,2297"
npn,72885,models/npn--module-72885.js,535,nets,"2250,2297"
null_device,50438,models/null_device--module-50438.js,536,,"2250,2297"
opAmp_UA741,72622,models/opAmp_UA741--module-72622.js,984,nets,"2250,2297"
oscilloscope,63909,models/oscilloscope--module-63909.js,2441,"digital_edges,signals,nets,properties,scheduler,ui_bridge","2250,2297"
pcf8574,44504,models/pcf8574--module-44504.js,4000,"digital_edges,signals,nets,scheduler,measurements,ui_bridge","2250,2297,32583"
photodiode,43050,models/photodiode--module-43050.js,2653,"signals,nets","2250,2297"
photodiode_v2,43050,models/photodiode_v2--module-43050.js,2653,"signals,nets","2250,2297"
phototransistor,49109,models/phototransistor--module-49109.js,1574,"signals,nets","2250,2297"
pmos,87092,models/pmos--module-87092.js,550,nets,"2250,2297"
pnp,86523,models/pnp--module-86523.js,535,nets,"2250,2297"
pololu_simple_motor_controller_18v7,2733,models/pololu_simple_motor_controller_18v7--module-2733.js,1644,"digital_edges,signals,nets,scheduler","2250,2297"
potentiometer,30148,models/potentiometer--module-30148.js,2963,"signals,nets,properties","2250,2297"
potentiometer_10k,46320,models/potentiometer_10k--module-46320.js,1702,"signals,nets,properties","2250,2297"
potentiometer_dfrobot_10k,79446,models/potentiometer_dfrobot_10k--module-79446.js,1774,"signals,nets,properties","2250,2297"
potentiometer_v2,30148,models/potentiometer_v2--module-30148.js,2963,"signals,nets,properties","2250,2297"
power_nmos,24531,models/power_nmos--module-24531.js,586,nets,"2250,2297"
power_pmos,53181,models/power_pmos--module-53181.js,591,nets,"2250,2297"
powerSupply,66667,models/powerSupply--module-66667.js,5043,"signals,nets,properties,scheduler,measurements,ui_bridge","2250,2297"
protoShieldDFRobot,83827,models/protoShieldDFRobot--module-83827.js,3940,"signals,nets,scheduler,measurements,ui_bridge","2250,2297"
relay_dpdt,73776,models/relay_dpdt--module-73776.js,1679,"nets,scheduler,ui_bridge","2250,2297"
relay_dpdt_latching,57486,models/relay_dpdt_latching--module-57486.js,1757,"nets,scheduler,ui_bridge","2250,2297"
relay_spdt,24939,models/relay_spdt--module-24939.js,1572,"nets,scheduler,ui_bridge","2250,2297"
relay_spdt_hrs1h,7098,models/relay_spdt_hrs1h--module-7098.js,1623,"nets,scheduler,ui_bridge","2250,2297"
resistor,23274,models/resistor--module-23274.js,1028,"signals,nets,properties","2250,2297"
resistor_10k,34635,models/resistor_10k--module-34635.js,598,nets,"2250,2297"
resistor_10M,401,models/resistor_10M--module-401.js,596,nets,"2250,2297"
resistor_1k,26461,models/resistor_1k--module-26461.js,589,nets,"2250,2297"
resistor_1M,6303,models/resistor_1M--module-6303.js,588,nets,"2250,2297"
resistor_220,62737,models/resistor_220--module-62737.js,598,nets,"2250,2297"
resistor_4k7,62119,models/resistor_4k7--module-62119.js,599,nets,"2250,2297"
resistor_560,36524,models/resistor_560--module-36524.js,598,nets,"2250,2297"
sensor_gas,58766,models/sensor_gas--module-58766.js,4888,"signals,nets,properties,scheduler,ui_bridge","2250,2297"
sensor_pir,61384,models/sensor_pir--module-61384.js,4897,"signals,nets,properties,scheduler","2250,2297"
sensor_tilt_sw200d,59844,models/sensor_tilt_sw200d--module-59844.js,1481,"signals,nets","2250,2297"
sensor_ultrasonic_ping,81629,models/sensor_ultrasonic_ping--module-81629.js,5321,"signals,nets,properties,scheduler","2250,2297"
sensorFlex,28308,models/sensorFlex--module-28308.js,2614,"signals,nets,properties","2250,2297"
sensorForce,60952,models/sensorForce--module-60952.js,2776,"signals,nets","2250,2297"
sensorSoilMoisture,12798,models/sensorSoilMoisture--module-12798.js,2083,"signals,nets","2250,2297"
servo,15064,models/servo--module-15064.js,2024,"digital_edges,signals,nets,scheduler,ui_bridge","2250,2297"
servo_SG90,53417,models/servo_SG90--module-53417.js,2711,"digital_edges,signals,nets,properties,scheduler,measurements,ui_bridge","2250,2297"
servo_SMS2309S,36218,models/servo_SMS2309S--module-36218.js,2010,"digital_edges,signals,nets,scheduler,measurements,ui_bridge","2250,2297"
servo_v2,15064,models/servo_v2--module-15064.js,2024,"digital_edges,signals,nets,scheduler,ui_bridge","2250,2297"
seven-segment-i2c,7403,models/seven-segment-i2c--module-7403.js,3595,"signals,nets,properties,scheduler,measurements,ui_bridge","2250,2297,32583"
seven_segment_digit,22179,models/seven_segment_digit--module-22179.js,1958,"nets,scheduler,measurements,ui_bridge","2250,2297"
seven_segment_digit_5011bh,28034,models/seven_segment_digit_5011bh--module-28034.js,2539,"signals,nets,properties,scheduler,measurements,ui_bridge","2250,2297"
slide_switch,40360,models/slide_switch--module-40360.js,2304,"signals,nets,properties","2250,2297"
slide_switch_v2,40360,models/slide_switch_v2--module-40360.js,2304,"signals,nets,properties","2250,2297"
solarCell,27051,models/solarCell--module-27051.js,1970,"signals,nets,properties","2250,2297"
sparkfun_mma7361,26435,models/sparkfun_mma7361--module-26435.js,4820,"signals,nets,scheduler,ui_bridge","2250,2297"
tiltSensor,66811,models/tiltSensor--module-66811.js,1558,"signals,nets","2250,2297"
Timer555,27251,models/Timer555--module-27251.js,2360,"signals,nets,scheduler","2250,2297"
timer556,73430,models/timer556--module-73430.js,2640,"signals,nets,scheduler","2250,2297"
tip120,94047,models/tip120--module-94047.js,2000,"nets,scheduler,ui_bridge","2250,2297"
TMP36,84820,models/TMP36--module-84820.js,2149,"signals,nets,scheduler,measurements,ui_bridge","2250,2297"
USBstandard,70394,models/USBstandard--module-70394.js,1177,"nets,scheduler,measurements,ui_bridge","2250,2297"
vibration_motor,45616,models/vibration_motor--module-45616.js,1657,"nets,scheduler,measurements,ui_bridge","2250,2297"
voltageRegulator3p3V,50330,models/voltageRegulator3p3V--module-50330.js,2109,"signals,nets,scheduler,measurements,analog,ui_bridge","2250,2297"
voltageRegulator5V,34639,models/voltageRegulator5V--module-34639.js,2085,"signals,nets,scheduler,measurements,analog,ui_bridge","2250,2297"
ws2812_breadboard,97228,models/ws2812_breadboard--module-97228.js,1032,nets,"2250,2297"
ws2812_jewel7,87222,models/ws2812_jewel7--module-87222.js,902,nets,"2250,2297"
ws2812_strip10,60331,models/ws2812_strip10--module-60331.js,1012,nets,"2250,2297"
ws2812_strip12,20365,models/ws2812_strip12--module-20365.js,1012,nets,"2250,2297"
ws2812_strip16,18961,models/ws2812_strip16--module-18961.js,1012,nets,"2250,2297"
ws2812_strip20,73964,models/ws2812_strip20--module-73964.js,1012,nets,"2250,2297"
ws2812_strip4,31784,models/ws2812_strip4--module-31784.js,1000,nets,"2250,2297"
ws2812_strip6,17074,models/ws2812_strip6--module-17074.js,1000,nets,"2250,2297"
ws2812_strip8,70508,models/ws2812_strip8--module-70508.js,1000,nets,"2250,2297"
ws2812b,52526,models/ws2812b--module-52526.js,668,,"2250,2297"
ws2812b_ring12,84263,models/ws2812b_ring12--module-84263.js,800,,"2250,2297"
ws2812b_ring16,41699,models/ws2812b_ring16--module-41699.js,1012,nets,"2250,2297"
ws2812b_ring24,57962,models/ws2812b_ring24--module-57962.js,1012,nets,"2250,2297"
zenerDiode,1660,models/zenerDiode--module-1660.js,954,"signals,nets,properties","2250,2297"
